Tax Year,PCLS Drawdown,SIPP Drawdown,DB/State Income,Annual Income (Gross),Annual Income (Net),Monthly Tax,Monthly Net,PCLS Remaining,SIPP Remaining
2031/32,23976.00,62807.00,7258.38,94041.38,78583.23,1288.18,6548.60,235458.16,609648.61
2032/33,23976.00,62517.00,7548.72,94041.72,78583.43,1288.19,6548.62,220630.60,570810.66
2033/34,23976.00,62215.00,7850.66,94041.66,78583.40,1288.19,6548.62,205198.95,530697.99
2034/35,23976.00,61901.00,8164.69,94041.69,78583.41,1288.19,6548.62,189138.60,489270.89
2035/36,23976.00,61574.00,8491.28,94041.28,78583.17,1288.18,6548.60,172423.91,446489.05
2036/37,23976.00,55603.00,14462.93,94041.93,78583.56,1288.20,6548.63,155028.25,408045.90
2037/38,23976.00,55024.00,15041.45,94041.45,78583.27,1288.18,6548.61,136923.86,368626.25
2038/39,23976.00,42881.00,27185.00,94042.00,78583.60,1288.20,6548.63,118081.87,339968.70
2039/40,23976.00,41793.00,28272.40,94041.40,78583.24,1288.18,6548.60,98472.22,311251.77
2040/41,23976.00,40662.00,29403.30,94041.30,78583.18,1288.18,6548.60,78063.65,282516.83
2041/42,23976.00,23813.00,30579.43,78368.43,69179.46,765.75,5764.95,56823.61,269772.54
2042/43,23976.00,22589.00,31802.61,78367.61,69178.97,765.72,5764.91,34718.21,257755.72
2043/44,23976.00,21317.00,33074.71,78367.71,69179.03,765.72,5764.92,11712.20,246544.90
2044/45,1184.00,42787.00,34397.70,78368.70,60062.82,1525.49,5005.24,10983.42,213009.31
2045/46,0.00,42595.00,35773.61,78368.61,59589.17,1564.95,4965.76,11430.90,178302.99
2046/47,0.00,41164.00,37204.56,78368.56,59589.13,1564.95,4965.76,11896.62,143640.21
2047/48,0.00,14505.00,63862.83,78367.83,59588.70,1564.93,4965.72,12381.30,134718.43
2048/49,0.00,11951.00,66417.34,78368.34,59589.00,1564.94,4965.75,12885.74,128034.51
2049/50,0.00,9294.00,69074.03,78368.03,59588.82,1564.93,4965.74,13410.72,123784.54
2050/51,0.00,6531.00,71837.00,78368.00,59588.80,1564.93,4965.73,13957.09,122175.64
2051/52,0.00,3658.00,74710.48,78368.48,59589.09,1564.95,4965.76,14525.73,123427.44
2052/53,0.00,669.00,77698.89,78367.89,59588.74,1564.93,4965.73,15117.53,127774.67
2053/54,0.00,0.00,80806.85,80806.85,61052.11,1646.23,5087.68,15733.44,132980.40
2054/55,0.00,0.00,84039.12,84039.12,62991.47,1753.97,5249.29,16374.44,138398.23
2055/56,0.00,0.00,87400.69,87400.69,65008.41,1866.02,5417.37,17041.56,144036.79
2056/57,0.00,0.00,90896.72,90896.72,67106.03,1982.56,5592.17,17735.86,149905.07
2057/58,0.00,0.00,94532.59,94532.59,69287.55,2103.75,5773.96,18458.45,156012.43
2058/59,0.00,0.00,98313.89,98313.89,71556.33,2229.80,5963.03,19210.48,162368.62
2059/60,0.00,0.00,102246.44,102246.44,73466.67,2398.31,6122.22,19993.14,168983.77
2060/61,0.00,0.00,106336.30,106336.30,75102.58,2602.81,6258.55,20807.69,175868.43
2061/62,0.00,0.00,110589.75,110589.75,76804.25,2815.46,6400.35,21655.43,183033.58
2062/63,0.00,0.00,115013.34,115013.34,78573.61,3036.64,6547.80,22537.71,190490.65
2063/64,0.00,0.00,119613.88,119613.88,82125.88,3124.00,6843.82,23455.93,198251.53
2064/65,0.00,0.00,124398.43,124398.43,86910.43,3124.00,7242.54,24411.56,206328.61
2065/66,0.00,0.00,129374.37,129374.37,91886.37,3124.00,7657.20,25406.12,214734.75
2066/67,0.00,0.00,134549.35,134549.35,97061.35,3124.00,8088.45,26441.21,223483.38
2067/68,0.00,0.00,139931.32,139931.32,102443.32,3124.00,8536.94,27518.46,232588.43
2068/69,0.00,0.00,145528.57,145528.57,108040.57,3124.00,9003.38,28639.61,242064.45
2069/70,0.00,0.00,151349.71,151349.71,113861.71,3124.00,9488.48,29806.43,251926.53
2070/71,0.00,0.00,157403.70,157403.70,119915.70,3124.00,9992.98,31020.79,262190.40
TOTALS,312872.00,787850.00,2852437.04,3953159.04,3033339.56,76651.62,,31020.79,262190.40